seq,timestamp,status,service,lat,long,alt
1242,1475186966481836547,0,1,37.3939386667,-122.114272,-42.5
1243,1475186967482110752,0,1,37.393808,-122.114261333,-42.5
1244,1475186968471026535,0,1,37.39368,-122.114261333,-42.5
1245,1475186969482026733,0,1,37.3935546667,-122.114261333,-42.5
1246,1475186970482618114,0,1,37.393432,-122.114261333,-42.5
1247,1475186971482360796,0,1,37.3933093333,-122.114261333,-42.5
1248,1475186972481672876,0,1,37.3931893333,-122.114261333,-42.5
1249,1475186973482193092,0,1,37.3930693333,-122.114261333,-42.5
1250,1475186974481664087,0,1,37.3929573333,-122.114261333,-42.5
1251,1475186975493750469,0,1,37.3928453333,-122.114261333,-42.5
1252,1475186976492955887,0,1,37.392736,-122.114261333,-42.5
1253,1475186977493407878,0,1,37.392632,-122.114261333,-42.5
1254,1475186978492863676,0,1,37.3925306667,-122.114261333,-42.5
1255,1475186979493129309,0,1,37.392432,-122.114261333,-42.5
1256,1475186980493072615,0,1,37.3923413333,-122.114261333,-42.5
1257,1475186981493176088,0,1,37.3922506667,-122.114261333,-42.5
1258,1475186982493390709,0,1,37.39216,-122.114261333,-42.5
1259,1475186983493259948,0,1,37.392064,-122.114261333,-42.5
1260,1475186984481697609,0,1,37.391968,-122.114261333,-42.5
1261,1475186985481970036,0,1,37.391864,-122.114261333,-42.5
1262,1475186986481752716,0,1,37.3917573333,-122.114261333,-42.5
1263,1475186987481721466,0,1,37.3916506667,-122.114261333,-42.5
1264,1475186988492983230,0,1,37.391536,-122.114261333,-42.5
1265,1475186989481778731,0,1,37.3914186667,-122.114272,-42.5
1266,1475186990481810011,0,1,37.3913013333,-122.114272,-42.5
1267,1475186991482217933,0,1,37.3911813333,-122.114272,-42.5
1268,1475186992470978665,0,1,37.391064,-122.114272,-42.5
1269,1475186993482097542,0,1,37.3909466667,-122.114272,6.0
1270,1475186994470642333,0,1,37.3908266667,-122.114282667,6.0
1271,1475186995482148784,0,1,37.390704,-122.114282667,6.0
1272,1475186996470735995,0,1,37.390576,-122.114282667,6.0
1273,1475186997482470082,0,1,37.390448,-122.114282667,6.0
1274,1475186998482194374,0,1,37.3903173333,-122.114282667,6.0
1275,1475186999470473422,0,1,37.3901866667,-122.114282667,6.0
1276,1475187000470866189,0,1,37.3900506667,-122.114282667,6.0
1277,1475187001468424338,0,1,37.3899173333,-122.114282667,6.0
1278,1475187002470323482,0,1,37.3897813333,-122.114282667,6.0
1279,1475187003470751260,0,1,37.3896453333,-122.114282667,6.0
1280,1475187004468306048,0,1,37.3895093333,-122.114282667,6.0
1281,1475187005468511834,0,1,37.3893733333,-122.114282667,6.0
1282,1475187006468487432,0,1,37.3892373333,-122.114282667,6.0
1283,1475187007482108480,0,1,37.389104,-122.114282667,6.0
1284,1475187008482157411,0,1,37.3889733333,-122.114272,6.0
1285,1475187009468345793,0,1,37.3888426667,-122.114272,6.0
1286,1475187010482456045,0,1,37.3887146667,-122.114272,6.0
1287,1475187011482188114,0,1,37.3885866667,-122.114272,6.0
1288,1475187012483694097,0,1,37.388456,-122.114272,6.0
1289,1475187013483213351,0,1,37.388328,-122.114272,6.0
1290,1475187014492531455,0,1,37.3881973333,-122.114261333,6.0
1291,1475187015471100139,0,1,37.3880666667,-122.114261333,6.0
1292,1475187016468370444,0,1,37.3879333333,-122.114261333,6.0
1293,1475187017468286740,0,1,37.3877973333,-122.114261333,6.0
1294,1475187018482804393,0,1,37.3876613333,-122.114261333,6.0
1295,1475187019482620447,0,1,37.3875253333,-122.114261333,6.0
1296,1475187020482894511,0,1,37.3873893333,-122.114261333,6.0
1297,1475187021482938236,0,1,37.3872506667,-122.114261333,6.0
1298,1475187022470399602,0,1,37.387112,-122.114261333,6.0
1299,1475187023471687835,0,1,37.386976,-122.114272,6.0
1300,1475187024470768281,0,1,37.3868426667,-122.114272,6.0
1301,1475187025470663583,0,1,37.386712,-122.114261333,6.0
1302,1475187026471600308,0,1,37.386584,-122.114272,6.0
1303,1475187027483560420,0,1,37.3864586667,-122.114272,6.0
1304,1475187028482784475,0,1,37.3863386667,-122.114272,6.0
1305,1475187029482754023,0,1,37.3862213333,-122.114272,6.0
1306,1475187030483644869,0,1,37.3861093333,-122.114272,6.0
1307,1475187031482900006,0,1,37.3859973333,-122.114272,6.0
1308,1475187032483148458,0,1,37.3858906667,-122.114272,6.0
1309,1475187033482953521,0,1,37.3857893333,-122.114272,6.0
1310,1475187034482750393,0,1,37.385688,-122.114272,6.0
1311,1475187035478274751,0,1,37.3855946667,-122.114272,6.0
1312,1475187036473228877,0,1,37.3855013333,-122.114272,6.0
1313,1475187037482957522,0,1,37.385416,-122.114272,6.0
1314,1475187038472525420,0,1,37.3853386667,-122.114282667,6.0
1315,1475187039483307329,0,1,37.3852693333,-122.114282667,6.0
1316,1475187040472659019,0,1,37.3852106667,-122.114282667,6.0
1317,1475187041482676394,0,1,37.385168,-122.114282667,6.0
1318,1475187042483006682,0,1,37.385136,-122.114282667,6.0
1319,1475187043472819256,0,1,37.38512,-122.114282667,6.0
1320,1475187044482502695,0,1,37.3851146667,-122.114282667,6.0
1321,1475187045482812208,0,1,37.385112,-122.114282667,6.0
1322,1475187046491937117,0,1,37.385112,-122.114282667,6.0
1323,1475187047482650555,0,1,37.385112,-122.114282667,6.0
1324,1475187048491630431,0,1,37.385112,-122.114282667,6.0
1325,1475187049491821406,0,1,37.385112,-122.114282667,6.0
1326,1475187050491279447,0,1,37.385112,-122.114282667,6.0
1327,1475187051492213888,0,1,37.385112,-122.114282667,6.0
1328,1475187052494573376,0,1,37.385112,-122.114282667,6.0
1329,1475187053491788645,0,1,37.385112,-122.114282667,6.0
1330,1475187054491304270,0,1,37.385112,-122.114282667,6.0
1331,1475187055491797249,0,1,37.385112,-122.114282667,6.0
1332,1475187056492094739,0,1,37.385112,-122.114282667,6.0
1333,1475187057492584070,0,1,37.3851093333,-122.114282667,6.0
1334,1475187058492264268,0,1,37.385104,-122.114282667,6.0
1335,1475187059493826478,0,1,37.3850853333,-122.114282667,6.0
1336,1475187060492392066,0,1,37.3850506667,-122.114272,6.0
1337,1475187061492483693,0,1,37.3850026667,-122.114272,6.0
1338,1475187062492460288,0,1,37.3849466667,-122.114272,6.0
1339,1475187063492512920,0,1,37.38488,-122.114272,6.0
1340,1475187064492451053,0,1,37.3848053333,-122.114272,6.0
1341,1475187065482115502,0,1,37.3847226667,-122.114272,6.0
1342,1475187066482342456,0,1,37.3846373333,-122.114261333,6.0
1343,1475187067482058336,0,1,37.384544,-122.114261333,6.0
1344,1475187068492656086,0,1,37.384448,-122.114261333,6.0
1345,1475187069482638429,0,1,37.3843493333,-122.114261333,6.0
1346,1475187070481834351,0,1,37.384248,-122.114261333,6.0
1347,1475187071482158342,0,1,37.384144,-122.114261333,6.0
1348,1475187072469371336,0,1,37.3840426667,-122.114261333,6.0
1349,1475187073468468014,0,1,37.3839386667,-122.114261333,6.0
1350,1475187074482361380,0,1,37.3838373333,-122.114261333,6.0
1351,1475187075482061001,0,1,37.3837386667,-122.114261333,6.0
1352,1475187076481952165,0,1,37.383648,-122.114261333,6.0
1353,1475187077478250762,0,1,37.3835653333,-122.114261333,6.0
1354,1475187078479134690,0,1,37.3834906667,-122.114261333,6.0
1355,1475187079481975178,0,1,37.383416,-122.114261333,6.0
1356,1475187080479164163,0,1,37.383344,-122.114261333,6.0
1357,1475187081479137643,0,1,37.3832746667,-122.114261333,6.0
1358,1475187082481940262,0,1,37.3831973333,-122.114261333,6.0
1359,1475187083468646150,0,1,37.3831226667,-122.114261333,6.0
1360,1475187084479165409,0,1,37.38304,-122.114261333,6.0
1361,1475187085479185212,0,1,37.3829546667,-122.114261333,6.0
1362,1475187086471268553,0,1,37.382872,-122.114261333,6.0
1363,1475187087479141522,0,1,37.3827893333,-122.114261333,6.0
1364,1475187088479063150,0,1,37.3827093333,-122.114261333,6.0
1365,1475187089479186094,0,1,37.3826293333,-122.114261333,6.0
1366,1475187090491301007,0,1,37.3825493333,-122.114261333,6.0
1367,1475187091491456827,0,1,37.3824746667,-122.114261333,6.0
1368,1475187092495186492,0,1,37.3824,-122.114261333,6.0
1369,1475187093479364477,0,1,37.382328,-122.114261333,6.0
1370,1475187094479041086,0,1,37.3822613333,-122.114272,6.0
1371,1475187095479088405,0,1,37.3821893333,-122.114272,6.0
1372,1475187096479092528,0,1,37.3821173333,-122.114272,6.0
1373,1475187097489849073,0,1,37.3820346667,-122.114272,6.0
1374,1475187098478307949,0,1,37.3819493333,-122.114282667,6.0
1375,1475187099479082666,0,1,37.381856,-122.114282667,6.0
1376,1475187100479152367,0,1,37.381768,-122.114282667,6.0
1377,1475187101479275241,0,1,37.38168,-122.114282667,6.0
1378,1475187102479124351,0,1,37.3815973333,-122.114282667,6.0
1379,1475187103479182743,0,1,37.3815146667,-122.114272,6.0
1380,1475187104479091842,0,1,37.381424,-122.114272,6.0
1381,1475187105479048286,0,1,37.381336,-122.114272,6.0
1382,1475187106479966219,0,1,37.3812426667,-122.114272,6.0
1383,1475187107489073391,0,1,37.3811493333,-122.114272,6.0
1384,1475187108489593443,0,1,37.3810613333,-122.114272,6.0
1385,1475187109489345713,0,1,37.3809706667,-122.114272,6.0
1386,1475187110479287244,0,1,37.3808853333,-122.114272,6.0
1387,1475187111479284893,0,1,37.3808026667,-122.114272,6.0
1388,1475187112469269623,0,1,37.3807173333,-122.114272,6.0
1389,1475187113479193481,0,1,37.3806346667,-122.114272,6.0
1390,1475187114493193302,0,1,37.380544,-122.114272,6.0
1391,1475187115492854834,0,1,37.3804533333,-122.114282667,6.0
1392,1475187116492492887,0,1,37.3803626667,-122.114282667,6.0
1393,1475187117490237188,0,1,37.3802773333,-122.114282667,6.0
1394,1475187118490249620,0,1,37.380192,-122.114282667,6.0
1395,1475187119492354445,0,1,37.3801226667,-122.114282667,6.0
1396,1475187120493155159,0,1,37.3800666667,-122.114282667,6.0
1397,1475187121492808438,0,1,37.380024,-122.114282667,6.0
1398,1475187122489676080,0,1,37.3799973333,-122.114282667,6.0
1399,1475187123479019845,0,1,37.379976,-122.114282667,6.0
1400,1475187124479020616,0,1,37.3799626667,-122.114282667,6.0
1401,1475187125492870616,0,1,37.379952,-122.114282667,6.0
1402,1475187126493171790,0,1,37.3799413333,-122.114282667,6.0
1403,1475187127478921032,0,1,37.3799253333,-122.114282667,6.0
1404,1475187128479215127,0,1,37.379904,-122.114282667,6.0
1405,1475187129494014938,0,1,37.379872,-122.114282667,6.0
1406,1475187130493416718,0,1,37.3798346667,-122.114282667,6.0
1407,1475187131478993541,0,1,37.379792,-122.114282667,6.0
1408,1475187132478929858,0,1,37.3797546667,-122.114282667,6.0
1409,1475187133492984967,0,1,37.379704,-122.114282667,6.0
1410,1475187134492985910,0,1,37.379648,-122.114282667,6.0
1411,1475187135479395261,0,1,37.379584,-122.114282667,6.0
1412,1475187136479044965,0,1,37.3795093333,-122.114282667,6.0
1413,1475187137493412093,0,1,37.379424,-122.114282667,6.0
1414,1475187138493745274,0,1,37.3793386667,-122.114282667,6.0
1415,1475187139479185191,0,1,37.3792506667,-122.114282667,6.0
1416,1475187140478223019,0,1,37.379168,-122.114282667,6.0
1417,1475187141478890491,0,1,37.3790853333,-122.114282667,6.0
1418,1475187142478857323,0,1,37.3790053333,-122.114282667,6.0
1419,1475187143478837383,0,1,37.3789306667,-122.114282667,6.0
1420,1475187144479011566,0,1,37.378856,-122.114282667,6.0
1421,1475187145469071324,0,1,37.378784,-122.114282667,6.0
1422,1475187146478836377,0,1,37.3787146667,-122.114282667,6.0
1423,1475187147478885744,0,1,37.3786426667,-122.114282667,6.0
1424,1475187148478908504,0,1,37.3785626667,-122.114282667,6.0
1425,1475187149478804612,0,1,37.3784826667,-122.114282667,6.0
1426,1475187150478891887,0,1,37.3783946667,-122.114282667,6.0
1427,1475187151478833762,0,1,37.378304,-122.114282667,6.0
1428,1475187152478781224,0,1,37.378208,-122.114282667,6.0
1429,1475187153478839823,0,1,37.3781093333,-122.114282667,6.0
1430,1475187154478814928,0,1,37.3780026667,-122.114282667,6.0
1431,1475187155478936532,0,1,37.3778986667,-122.114282667,6.0
1432,1475187156479099054,0,1,37.377792,-122.114282667,6.0
1433,1475187157478785472,0,1,37.3776933333,-122.114272,6.0
1434,1475187158478793940,0,1,37.3775973333,-122.114282667,6.0
1435,1475187159468434351,0,1,37.3775066667,-122.114282667,6.0
1436,1475187160469097917,0,1,37.3774186667,-122.114282667,6.0
1437,1475187161469266620,0,1,37.3773253333,-122.114282667,6.0
1438,1475187162478761904,0,1,37.3772293333,-122.114282667,6.0
1439,1475187163478792866,0,1,37.3771253333,-122.114272,6.0
1440,1475187164478783244,0,1,37.3770186667,-122.114272,6.0
1441,1475187165478797662,0,1,37.3769093333,-122.114272,6.0
1442,1475187166478878036,0,1,37.3768,-122.114282667,6.0
1443,1475187167470052374,0,1,37.376688,-122.114282667,6.0
1444,1475187168478715454,0,1,37.3765733333,-122.114282667,6.0
1445,1475187169478740435,0,1,37.3764586667,-122.114282667,6.0
1446,1475187170478799279,0,1,37.376344,-122.114293333,6.0
1447,1475187171478741578,0,1,37.3762293333,-122.114293333,6.0
1448,1475187172478725433,0,1,37.3761173333,-122.114304,6.0
1449,1475187173478758266,0,1,37.3760053333,-122.114304,6.0
1450,1475187174493657988,0,1,37.3758986667,-122.114314667,6.0
1451,1475187175478668251,0,1,37.3757973333,-122.114314667,6.0
1452,1475187176478664977,0,1,37.375696,-122.114314667,6.0
1453,1475187177493339451,0,1,37.3756,-122.114314667,6.0
1454,1475187178478868742,0,1,37.375504,-122.114314667,6.0
1455,1475187179478679671,0,1,37.375416,-122.114304,6.0
1456,1475187180478689158,0,1,37.375328,-122.114304,6.0
1457,1475187181478801974,0,1,37.3752426667,-122.114304,6.0
1458,1475187182490532895,0,1,37.37516,-122.114304,6.0
1459,1475187183478639681,0,1,37.3750826667,-122.114304,6.0
1460,1475187184478643692,0,1,37.3750133333,-122.114304,6.0
1461,1475187185478779471,0,1,37.3749546667,-122.114304,6.0
1462,1475187186478642154,0,1,37.374904,-122.114304,6.0
1463,1475187187478913292,0,1,37.3748666667,-122.114304,6.0
1464,1475187188478654896,0,1,37.3748426667,-122.114304,6.0
1465,1475187189478683222,0,1,37.3748293333,-122.114304,6.0
1466,1475187190478676701,0,1,37.3748213333,-122.114304,6.0
1467,1475187191478644559,0,1,37.374816,-122.114304,6.0
1468,1475187192478944404,0,1,37.3748106667,-122.114304,6.0
1469,1475187193478623470,0,1,37.374808,-122.114304,6.0
1470,1475187194491175001,0,1,37.3748053333,-122.114304,6.0
1471,1475187195478689750,0,1,37.3748053333,-122.114304,6.0
1472,1475187196478639098,0,1,37.3748053333,-122.114304,6.0
1473,1475187197478892717,0,1,37.3748053333,-122.114304,6.0
1474,1475187198478878126,0,1,37.3748026667,-122.114304,6.0
1475,1475187199478868490,0,1,37.3747946667,-122.114304,6.0
1476,1475187200491190014,0,1,37.3747706667,-122.114304,6.0
1477,1475187201491411319,0,1,37.374736,-122.114304,6.0
1478,1475187202478631646,0,1,37.3746906667,-122.114304,6.0
1479,1475187203479155744,0,1,37.3746373333,-122.114304,6.0
1480,1475187204478549407,0,1,37.374584,-122.114304,6.0
1481,1475187205468574807,0,1,37.3745253333,-122.114304,6.0
1482,1475187206470191852,0,1,37.3744613333,-122.114304,6.0
1483,1475187207468676760,0,1,37.3743893333,-122.114304,6.0
1484,1475187208468764724,0,1,37.3743093333,-122.114304,6.0
1485,1475187209478607058,0,1,37.374224,-122.114304,6.0
1486,1475187210478546338,0,1,37.3741333333,-122.114304,6.0
1487,1475187211478574221,0,1,37.3740426667,-122.114304,6.0
1488,1475187212478560894,0,1,37.3739466667,-122.114304,6.0
1489,1475187213478600973,0,1,37.373856,-122.114304,6.0
1490,1475187214478856997,0,1,37.373768,-122.114293333,6.0
1491,1475187215478570175,0,1,37.3736853333,-122.114293333,6.0
1492,1475187216478594761,0,1,37.373616,-122.114293333,6.0
1493,1475187217478557038,0,1,37.37356,-122.114325333,6.0
1494,1475187218478734218,0,1,37.3735226667,-122.114368,6.0
1495,1475187219490578601,0,1,37.373504,-122.114432,6.0
1496,1475187220469110892,0,1,37.3735093333,-122.114496,6.0
1497,1475187221469744282,0,1,37.3735413333,-122.114570667,6.0
1498,1475187222490667145,0,1,37.3735946667,-122.114645333,6.0
1499,1475187223478540269,0,1,37.3736613333,-122.114730667,6.0
1500,1475187224469604749,0,1,37.3737413333,-122.114826667,6.0
1501,1475187225478532992,0,1,37.373832,-122.114922667,6.0
1502,1475187226478541582,0,1,37.3739306667,-122.11504,6.0
1503,1475187227478456093,0,1,37.3740373333,-122.115157333,6.0
1504,1475187228478516797,0,1,37.3741493333,-122.115274667,6.0
1505,1475187229478521192,0,1,37.374264,-122.115402667,6.0
1506,1475187230478449953,0,1,37.374384,-122.115530667,6.0
1507,1475187231488557687,0,1,37.3745093333,-122.115658667,6.0
1508,1475187232478566808,0,1,37.374632,-122.115786667,6.0
1509,1475187233488363808,0,1,37.374752,-122.115904,6.0
1510,1475187234488316597,0,1,37.3748773333,-122.116032,6.0
1511,1475187235489082507,0,1,37.375,-122.116149333,6.0
1512,1475187236489144572,0,1,37.3751226667,-122.116266667,6.0
1513,1475187237488303940,0,1,37.375248,-122.116384,6.0
1514,1475187238489299524,0,1,37.3753706667,-122.116490667,6.0
1515,1475187239490277274,0,1,37.3754986667,-122.116608,6.0
1516,1475187240490190619,0,1,37.375624,-122.116725333,6.0
1517,1475187241489244116,0,1,37.3757493333,-122.116832,6.0
1518,1475187242469097741,0,1,37.375872,-122.116938667,6.0
1519,1475187243468808486,0,1,37.3759946667,-122.117034667,6.0
1520,1475187244470099192,0,1,37.3761173333,-122.117141333,6.0
1521,1475187245489300216,0,1,37.3762373333,-122.117237333,6.0
1522,1475187246489326663,0,1,37.3763546667,-122.117333333,6.0
1523,1475187247468734402,0,1,37.3764693333,-122.117418667,6.0
1524,1475187248488814896,0,1,37.3765813333,-122.117504,6.0
1525,1475187249489094953,0,1,37.376688,-122.117589333,6.0
1526,1475187250489005130,0,1,37.3767893333,-122.117674667,6.0
1527,1475187251468864635,0,1,37.3768853333,-122.117749333,6.0
1528,1475187252489276795,0,1,37.376976,-122.117824,6.0
1529,1475187253489244090,0,1,37.3770613333,-122.117888,6.0
1530,1475187254488982768,0,1,37.3771413333,-122.117952,6.0
1531,1475187255470025219,0,1,37.3772106667,-122.118005333,6.0
1532,1475187256468635908,0,1,37.3772693333,-122.118048,6.0
1533,1475187257470136411,0,1,37.3773226667,-122.118090667,6.0
1534,1475187258470382901,0,1,37.377376,-122.118133333,6.0
1535,1475187259469534890,0,1,37.3774346667,-122.118186667,6.0
1536,1475187260468831774,0,1,37.3775013333,-122.11824,6.0
1537,1475187261468832271,0,1,37.3775786667,-122.118304,6.0
1538,1475187262489017176,0,1,37.3776666667,-122.118368,6.0
1539,1475187263488703010,0,1,37.3777626667,-122.118442667,6.0
1540,1475187264487847986,0,1,37.377864,-122.118517333,6.0
1541,1475187265488841770,0,1,37.3779706667,-122.118602667,6.0
1542,1475187266488905869,0,1,37.3780826667,-122.118688,6.0
1543,1475187267490217697,0,1,37.3781973333,-122.118784,6.0
1544,1475187268489969057,0,1,37.3783146667,-122.118869333,6.0
1545,1475187269468636952,0,1,37.378432,-122.118965333,6.0
1546,1475187270468985651,0,1,37.3785546667,-122.119061333,6.0
1547,1475187271469467881,0,1,37.37868,-122.119157333,6.0
1548,1475187272468600192,0,1,37.3788053333,-122.119253333,6.0
1549,1475187273468602744,0,1,37.3789333333,-122.119349333,6.0
1550,1475187274469706029,0,1,37.379064,-122.119456,6.0
1551,1475187275468491785,0,1,37.3791946667,-122.119552,6.0
1552,1475187276468332469,0,1,37.3793253333,-122.119658667,6.0
1553,1475187277488700799,0,1,37.379456,-122.119754667,6.0
1554,1475187278469251422,0,1,37.379584,-122.119850667,6.0
1555,1475187279468333220,0,1,37.3797093333,-122.119946667,6.0
1556,1475187280488740860,0,1,37.379832,-122.120042667,6.0
1557,1475187281482651274,0,1,37.379952,-122.120138667,6.0
1558,1475187282482833128,0,1,37.3800746667,-122.120234667,6.0
1559,1475187283469324398,0,1,37.380192,-122.12032,6.0
1560,1475187284468587906,0,1,37.3803093333,-122.120416,6.0
1561,1475187285482606398,0,1,37.3804293333,-122.120501333,6.0
1562,1475187286482670143,0,1,37.380552,-122.120597333,6.0
1563,1475187287468142431,0,1,37.3806746667,-122.120693333,6.0
1564,1475187288482431950,0,1,37.3808,-122.120789333,6.0
1565,1475187289482608387,0,1,37.380928,-122.120885333,6.0
1566,1475187290468581114,0,1,37.3810506667,-122.120981333,6.0
1567,1475187291468274710,0,1,37.381176,-122.121066667,6.0
1568,1475187292469333661,0,1,37.3812986667,-122.121162667,6.0
1569,1475187293468493442,0,1,37.381416,-122.121258667,6.0
1570,1475187294482324929,0,1,37.3815333333,-122.121344,6.0
1571,1475187295482775953,0,1,37.381656,-122.12144,6.0
1572,1475187296468458590,0,1,37.3817813333,-122.121536,6.0
1573,1475187297468525054,0,1,37.381904,-122.121632,6.0
1574,1475187298482477329,0,1,37.382032,-122.121728,6.0
1575,1475187299482213794,0,1,37.3821626667,-122.121824,6.0
1576,1475187300482469814,0,1,37.3822906667,-122.121930667,6.0
1577,1475187301492930021,0,1,37.382424,-122.122037333,6.0
1578,1475187302482685479,0,1,37.3825573333,-122.122144,6.0
1579,1475187303468601675,0,1,37.382696,-122.122250667,6.0
1580,1475187304482492073,0,1,37.3828346667,-122.122368,6.0
1581,1475187305468897281,0,1,37.3829786667,-122.122485333,6.0
1582,1475187306482065325,0,1,37.3831253333,-122.122602667,6.0
1583,1475187307482614876,0,1,37.3832746667,-122.12272,6.0
1584,1475187308468950683,0,1,37.383424,-122.122837333,6.0
1585,1475187309482752958,0,1,37.383576,-122.122965333,6.0
1586,1475187310468292050,0,1,37.3837306667,-122.123093333,6.0
1587,1475187311469244123,0,1,37.383888,-122.123210667,6.0
1588,1475187312468822937,0,1,37.3840426667,-122.123338667,6.0
1589,1475187313468823223,0,1,37.3842026667,-122.123466667,6.0
1590,1475187314481809291,0,1,37.3843573333,-122.123594667,6.0
1591,1475187315481782286,0,1,37.3845173333,-122.123712,6.0
1592,1475187316482068942,0,1,37.3846746667,-122.12384,6.0
1593,1475187317481966558,0,1,37.384832,-122.123968,6.0
1594,1475187318481670976,0,1,37.3849893333,-122.124096,6.0
1595,1475187319468944286,0,1,37.3851493333,-122.124213333,6.0
1596,1475187320469708471,0,1,37.3853066667,-122.124341333,6.0
1597,1475187321468958675,0,1,37.385464,-122.124469333,6.0
1598,1475187322482078394,0,1,37.385624,-122.124586667,6.0
1599,1475187323469886002,0,1,37.385784,-122.124714667,6.0
1600,1475187324481765447,0,1,37.385944,-122.124832,6.0
1601,1475187325481767103,0,1,37.386104,-122.12496,6.0
1602,1475187326469523683,0,1,37.386264,-122.125088,6.0
1603,1475187327469339442,0,1,37.386424,-122.125205333,6.0
1604,1475187328481909406,0,1,37.3865813333,-122.125333333,6.0
1605,1475187329469713989,0,1,37.386736,-122.125461333,6.0
1606,1475187330481536971,0,1,37.3868933333,-122.125578667,6.0
1607,1475187331469444025,0,1,37.387048,-122.125706667,6.0
1608,1475187332481612330,0,1,37.3872053333,-122.125824,6.0
1609,1475187333481345517,0,1,37.3873626667,-122.125952,6.0
1610,1475187334469204666,0,1,37.3875226667,-122.126069333,6.0
1611,1475187335469780118,0,1,37.3876826667,-122.126197333,6.0
1612,1475187336481432300,0,1,37.3878453333,-122.126325333,6.0
1613,1475187337481864651,0,1,37.3880106667,-122.126453333,6.0
1614,1475187338469936992,0,1,37.3881786667,-122.126570667,6.0
1615,1475187339469215995,0,1,37.388344,-122.126698667,6.0
1616,1475187340469232775,0,1,37.388512,-122.126816,6.0
1617,1475187341470012663,0,1,37.3886826667,-122.126922667,6.0
1618,1475187342481611350,0,1,37.3888506667,-122.12704,6.0
1619,1475187343469367682,0,1,37.3890186667,-122.127146667,6.0
1620,1475187344458728076,0,1,37.3891893333,-122.127264,6.0
1621,1475187345469493681,0,1,37.3893573333,-122.127370667,6.0
1622,1475187346481629316,0,1,37.3895226667,-122.127477333,6.0
1623,1475187347470117010,0,1,37.3896906667,-122.127594667,6.0
1624,1475187348481347852,0,1,37.389856,-122.127701333,6.0
1625,1475187349482331994,0,1,37.3900213333,-122.127808,6.0
1626,1475187350458694369,0,1,37.3901866667,-122.127914667,6.0
1627,1475187351490609686,0,1,37.3903493333,-122.128021333,6.0
1628,1475187352469741977,0,1,37.3905146667,-122.128128,6.0
1629,1475187353469851360,0,1,37.39068,-122.128234667,6.0
1630,1475187354469114105,0,1,37.3908453333,-122.128341333,6.0
1631,1475187355469088939,0,1,37.3910133333,-122.128458667,6.0
1632,1475187356458819543,0,1,37.391184,-122.128565333,6.0
1633,1475187357459319852,0,1,37.3913573333,-122.128682667,6.0
1634,1475187358469360979,0,1,37.3915333333,-122.1288,6.0
1635,1475187359459088296,0,1,37.3917093333,-122.128917333,6.0
1636,1475187360490782738,0,1,37.3918906667,-122.129034667,6.0
1637,1475187361468813452,0,1,37.392072,-122.129152,6.0
1638,1475187362469878509,0,1,37.3922533333,-122.12928,6.0
1639,1475187363459221089,0,1,37.3924373333,-122.129386667,6.0
1640,1475187364459204967,0,1,37.3926186667,-122.129514667,6.0
1641,1475187365459071155,0,1,37.3928026667,-122.129632,6.0
1642,1475187366468815254,0,1,37.392984,-122.129749333,6.0
1643,1475187367458987161,0,1,37.3931626667,-122.129866667,6.0
1644,1475187368459022391,0,1,37.3933413333,-122.129984,6.0
1645,1475187369459484462,0,1,37.39352,-122.130101333,6.0
1646,1475187370459027311,0,1,37.393696,-122.130218667,6.0
1647,1475187371459048925,0,1,37.393872,-122.130325333,6.0
1648,1475187372490127826,0,1,37.3940506667,-122.130442667,6.0
1649,1475187373459232612,0,1,37.3942293333,-122.13056,6.0
1650,1475187374469624554,0,1,37.3944026667,-122.130677333,6.0
1651,1475187375459357601,0,1,37.3945813333,-122.130784,6.0
1652,1475187376459124872,0,1,37.3947573333,-122.130901333,6.0
1653,1475187377459228400,0,1,37.3949333333,-122.131018667,6.0
1654,1475187378468765517,0,1,37.3951093333,-122.131136,6.0
1655,1475187379459680737,0,1,37.3952826667,-122.131253333,6.0
1656,1475187380459219962,0,1,37.3954533333,-122.131370667,6.0
1657,1475187381459915013,0,1,37.3956213333,-122.131488,6.0
1658,1475187382459232690,0,1,37.3957893333,-122.131594667,6.0
1659,1475187383459250186,0,1,37.395952,-122.131712,6.0
1660,1475187384471617422,0,1,37.3961093333,-122.131829333,6.0
1661,1475187385471581812,0,1,37.3962666667,-122.131946667,6.0
1662,1475187386471122917,0,1,37.3964213333,-122.132053333,6.0
1663,1475187387470428107,0,1,37.3965733333,-122.132170667,-42.5
1664,1475187388470955256,0,1,37.39672,-122.132277333,-42.5
1665,1475187389459076131,0,1,37.3968666667,-122.132384,-42.5
1666,1475187390468888000,0,1,37.397008,-122.132490667,-42.5
1667,1475187391469518354,0,1,37.3971493333,-122.132597333,-42.5
1668,1475187392469405503,0,1,37.3972853333,-122.132693333,-42.5
1669,1475187393468666889,0,1,37.397416,-122.132789333,-42.5
1670,1475187394458989366,0,1,37.397544,-122.132885333,-42.5
1671,1475187395459535339,0,1,37.3976693333,-122.132992,-42.5
1672,1475187396459609793,0,1,37.397784,-122.133088,-42.5
1673,1475187397468890105,0,1,37.397896,-122.133184,-42.5
1674,1475187398459749623,0,1,37.398,-122.133290667,-42.5
1675,1475187399459542155,0,1,37.3980986667,-122.133386667,-42.5
1676,1475187400459343668,0,1,37.3981893333,-122.133504,-42.5
1677,1475187401468865798,0,1,37.398272,-122.133610667,-42.5
1678,1475187402468859112,0,1,37.3983466667,-122.133717333,-42.5
1679,1475187403469435755,0,1,37.3984133333,-122.133813333,-42.5
1680,1475187404469401982,0,1,37.398472,-122.133898667,-42.5
1681,1475187405468808579,0,1,37.3985226667,-122.133973333,-42.5
1682,1475187406468550017,0,1,37.3985626667,-122.134037333,-42.5
1683,1475187407469047363,0,1,37.3985973333,-122.134090667,-42.5
1684,1475187408468827568,0,1,37.3986213333,-122.134133333,-42.5
1685,1475187409470647606,0,1,37.3986373333,-122.134154667,-42.5
1686,1475187410469066721,0,1,37.3986426667,-122.134165333,-42.5
1687,1475187411468864559,0,1,37.3986426667,-122.134176,-42.5
1688,1475187412469783413,0,1,37.3986426667,-122.134176,-42.5
1689,1475187413469437569,0,1,37.3986426667,-122.134176,-42.5
1690,1475187414468779198,0,1,37.3986426667,-122.134176,-42.5
1691,1475187415469705291,0,1,37.3986426667,-122.134176,-42.5
1692,1475187416459312254,0,1,37.3986426667,-122.134176,-42.5
1693,1475187417459065528,0,1,37.3986426667,-122.134176,-42.5
1694,1475187418469631475,0,1,37.3986426667,-122.134176,-42.5
1695,1475187419458591555,0,1,37.3986426667,-122.134176,-42.5
1696,1475187420458827696,0,1,37.3986426667,-122.134176,-42.5
1697,1475187421458781268,0,1,37.3986426667,-122.134176,-42.5
1698,1475187422458567138,0,1,37.3986426667,-122.134176,-42.5
1699,1475187423459303753,0,1,37.3986426667,-122.134176,-42.5
1700,1475187424458538539,0,1,37.3986426667,-122.134176,-42.5
1701,1475187425458584666,0,1,37.3986426667,-122.134176,-42.5
1702,1475187426459561893,0,1,37.3986426667,-122.134176,-42.5
1703,1475187427459295334,0,1,37.3986426667,-122.134176,-42.5
1704,1475187428468736920,0,1,37.3986426667,-122.134176,-42.5
1705,1475187429468961278,0,1,37.3986426667,-122.134176,-42.5
1706,1475187430471290284,0,1,37.3986426667,-122.134176,-42.5
1707,1475187431470109775,0,1,37.3986426667,-122.134176,-42.5
1708,1475187432469749849,0,1,37.3986426667,-122.134176,-42.5
1709,1475187433458811150,0,1,37.3986426667,-122.134176,-42.5
1710,1475187434469605598,0,1,37.3986426667,-122.134176,-42.5
1711,1475187435469495746,0,1,37.3986426667,-122.134176,-42.5
1712,1475187436458576771,0,1,37.3986426667,-122.134176,-42.5
1713,1475187437469638135,0,1,37.3986426667,-122.134176,-42.5
1714,1475187438470113306,0,1,37.3986426667,-122.134176,-42.5
1715,1475187439470878469,0,1,37.3986426667,-122.134176,-42.5
1716,1475187440469599718,0,1,37.3986426667,-122.134176,-42.5
1717,1475187441470005282,0,1,37.3986426667,-122.134176,-42.5
1718,1475187442470825227,0,1,37.3986426667,-122.134176,-42.5
1719,1475187443470312992,0,1,37.3986426667,-122.134176,-42.5
1720,1475187444469051934,0,1,37.3986426667,-122.134176,-42.5
1721,1475187445470801423,0,1,37.3986426667,-122.134176,-42.5
1722,1475187446469563483,0,1,37.3986426667,-122.134176,-42.5
1723,1475187447469501607,0,1,37.3986426667,-122.134176,-42.5
1724,1475187448468814080,0,1,37.3986426667,-122.134176,-42.5
1725,1475187449469496624,0,1,37.3986426667,-122.134176,-42.5
1726,1475187450458789030,0,1,37.3986426667,-122.134176,-42.5
1727,1475187451470428016,0,1,37.3986426667,-122.134176,-42.5
1728,1475187452469313441,0,1,37.3986426667,-122.134176,-42.5
1729,1475187453469019680,0,1,37.3986426667,-122.134176,-42.5
1730,1475187454470736868,0,1,37.3986426667,-122.134176,-42.5
1731,1475187455469298819,0,1,37.3986426667,-122.134176,-42.5
1732,1475187456469488492,0,1,37.3986426667,-122.134176,-42.5
1733,1475187457469667824,0,1,37.3986426667,-122.134176,-42.5
1734,1475187458480133249,0,1,37.3986426667,-122.134176,-42.5
1735,1475187459469385121,0,1,37.3986426667,-122.134176,-42.5
1736,1475187460459870925,0,1,37.3986426667,-122.134176,-42.5
1737,1475187461458597374,0,1,37.3986426667,-122.134176,-42.5
1738,1475187462468839851,0,1,37.3986426667,-122.134176,-42.5
1739,1475187463458779930,0,1,37.3986453333,-122.134176,-42.5
1740,1475187464469996253,0,1,37.3986453333,-122.134176,-42.5
1741,1475187465460660131,0,1,37.3986533333,-122.134186667,-42.5
1742,1475187466468763074,0,1,37.398664,-122.134208,-42.5
1743,1475187467470702661,0,1,37.398688,-122.134250667,-42.5
1744,1475187468469326208,0,1,37.3987173333,-122.134304,-42.5
1745,1475187469469384291,0,1,37.398752,-122.134368,-42.5
1746,1475187470468982898,0,1,37.3987893333,-122.134442667,-42.5
1747,1475187471469241696,0,1,37.398832,-122.134528,-42.5
1748,1475187472470182146,0,1,37.3988773333,-122.134634667,-42.5
1749,1475187473469309791,0,1,37.3989253333,-122.134741333,-42.5
1750,1475187474479496493,0,1,37.3989733333,-122.134858667,-42.5
1751,1475187475469072770,0,1,37.399024,-122.134986667,-42.5
1752,1475187476469600922,0,1,37.39908,-122.135125333,-42.5
1753,1475187477469143567,0,1,37.399136,-122.135274667,-42.5
1754,1475187478469135927,0,1,37.3991973333,-122.135434667,-42.5
1755,1475187479468932228,0,1,37.3992613333,-122.135594667,-42.5
1756,1475187480479976672,0,1,37.399328,-122.135765333,-42.5
1757,1475187481469686482,0,1,37.3993973333,-122.135946667,-42.5
1758,1475187482469199272,0,1,37.3994666667,-122.136128,-42.5
1759,1475187483469473821,0,1,37.3995413333,-122.13632,-42.5
1760,1475187484468883030,0,1,37.399616,-122.136512,-42.5
1761,1475187485469409327,0,1,37.399696,-122.136704,-42.5
1762,1475187486469555465,0,1,37.3997813333,-122.136896,-42.5
1763,1475187487468889189,0,1,37.399872,-122.137088,-42.5
1764,1475187488469717622,0,1,37.3999733333,-122.13728,-42.5
1765,1475187489468544473,0,1,37.4000746667,-122.137461333,-42.5
1766,1475187490468517182,0,1,37.4001813333,-122.137653333,-42.5
1767,1475187491469440781,0,1,37.4002906667,-122.137834667,-42.5
1768,1475187492469135127,0,1,37.4004026667,-122.138016,-42.5
1769,1475187493469384418,0,1,37.400512,-122.138208,-42.5
1770,1475187494469632528,0,1,37.400624,-122.138389333,-42.5
1771,1475187495469116805,0,1,37.4007333333,-122.138581333,-42.5
1772,1475187496469900812,0,1,37.4008426667,-122.138762667,-42.5
1773,1475187497469135480,0,1,37.4009546667,-122.138954667,-42.5
1774,1475187498469612418,0,1,37.4010666667,-122.139136,-42.5
1775,1475187499469764283,0,1,37.4011786667,-122.139317333,-42.5
1776,1475187500459382045,0,1,37.4012906667,-122.139509333,-42.5
1777,1475187501468787307,0,1,37.4014026667,-122.139690667,-42.5
1778,1475187502459133636,0,1,37.4015146667,-122.139882667,-42.5
1779,1475187503458872184,0,1,37.401624,-122.140064,-42.5
1780,1475187504469026368,0,1,37.4017333333,-122.140256,-42.5
1781,1475187505459498806,0,1,37.4018426667,-122.140437333,-42.5
1782,1475187506464738589,0,1,37.4019546667,-122.140629333,-42.5
1783,1475187507458903508,0,1,37.402064,-122.140810667,-42.5
1784,1475187508479044730,0,1,37.402176,-122.140992,-42.5
1785,1475187509459132495,0,1,37.4022826667,-122.141173333,-42.5
1786,1475187510459144326,0,1,37.4023946667,-122.141365333,-42.5
1787,1475187511468955989,0,1,37.4025013333,-122.141546667,-42.5
1788,1475187512468985448,0,1,37.4026106667,-122.141738667,-42.5
1789,1475187513469454226,0,1,37.4027173333,-122.14192,-42.5
1790,1475187514470216102,0,1,37.402824,-122.142112,-42.5
1791,1475187515469671512,0,1,37.4029253333,-122.142304,-42.5
1792,1475187516459010704,0,1,37.403024,-122.142485333,-42.5
1793,1475187517459061608,0,1,37.4031173333,-122.142677333,-42.5
1794,1475187518469087212,0,1,37.403208,-122.142858667,-42.5
1795,1475187519469116984,0,1,37.403296,-122.14304,-42.5
1796,1475187520469135897,0,1,37.4033813333,-122.143221333,-42.5
1797,1475187521469145396,0,1,37.4034613333,-122.143392,-42.5
1798,1475187522469126879,0,1,37.4035413333,-122.143562667,-42.5
1799,1475187523469163357,0,1,37.403616,-122.143733333,-42.5
1800,1475187524469169012,0,1,37.4036906667,-122.143893333,-42.5
1801,1475187525469180974,0,1,37.4037653333,-122.144042667,-42.5
1802,1475187526469226122,0,1,37.4038346667,-122.144192,-42.5
1803,1475187527469233616,0,1,37.4038986667,-122.144341333,-42.5
1804,1475187528486399124,0,1,37.4039626667,-122.14448,-42.5
1805,1475187529469649590,0,1,37.404024,-122.144618667,-42.5
1806,1475187530469271260,0,1,37.4040773333,-122.144746667,-42.5
1807,1475187531474444656,0,1,37.4041253333,-122.144853333,-42.5
1808,1475187532474751205,0,1,37.4041866667,-122.144928,-42.5
1809,1475187533470420019,0,1,37.4042373333,-122.144992,-42.5
1810,1475187534469938781,0,1,37.4042906667,-122.145013333,-42.5
1811,1475187535474830335,0,1,37.4043306667,-122.145024,-42.5
1812,1475187536469725480,0,1,37.4043653333,-122.145013333,-42.5
1813,1475187537459131003,0,1,37.404384,-122.145002667,-42.5
1814,1475187538469398112,0,1,37.4043973333,-122.145002667,-42.5
1815,1475187539469291204,0,1,37.4044026667,-122.144992,-42.5
1816,1475187540469214155,0,1,37.404408,-122.144992,-42.5
1817,1475187541469233216,0,1,37.4044213333,-122.144981333,-42.5
1818,1475187542469313261,0,1,37.40444,-122.14496,-42.5
1819,1475187543469296496,0,1,37.4044586667,-122.144928,-42.5
1820,1475187544469871192,0,1,37.4044693333,-122.144874667,-42.5
1821,1475187545469282628,0,1,37.4044746667,-122.144821333,-42.5
1822,1475187546486953328,0,1,37.4044666667,-122.144757333,-42.5
1823,1475187547469321088,0,1,37.4044533333,-122.144682667,-42.5
1824,1475187548469588065,0,1,37.4044293333,-122.144608,-42.5
1825,1475187549469621543,0,1,37.4043946667,-122.144533333,-42.5
1826,1475187550469625177,0,1,37.4043493333,-122.144448,-42.5
1827,1475187551469399041,0,1,37.4042906667,-122.144384,-42.5
1828,1475187552469423762,0,1,37.4042213333,-122.144330667,-42.5
1829,1475187553469448247,0,1,37.4041466667,-122.144277333,-42.5
1830,1475187554492273058,0,1,37.4040746667,-122.144224,-42.5
1831,1475187555469518576,0,1,37.4040026667,-122.144149333,-42.5
1832,1475187556469460151,0,1,37.403944,-122.144064,-42.5
1833,1475187557469456567,0,1,37.403888,-122.143968,-42.5
1834,1475187558469734937,0,1,37.4038346667,-122.143850667,-42.5
1835,1475187559475063047,0,1,37.4037813333,-122.143733333,-42.5
1836,1475187560469520597,0,1,37.4037253333,-122.143605333,-42.5
1837,1475187561469570971,0,1,37.4036693333,-122.143488,-42.5
1838,1475187562469550842,0,1,37.4036106667,-122.143349333,-42.5
1839,1475187563469551104,0,1,37.4035493333,-122.143221333,-42.5
1840,1475187564473911494,0,1,37.403488,-122.143082667,-42.5
1841,1475187565469656486,0,1,37.4034186667,-122.142954667,-42.5
1842,1475187566473868443,0,1,37.4033493333,-122.142816,-42.5
1843,1475187567473754656,0,1,37.4032773333,-122.142677333,-42.5
1844,1475187568474052637,0,1,37.4032026667,-122.142549333,-42.5
1845,1475187569473797557,0,1,37.403128,-122.142410667,-42.5
1846,1475187570473827817,0,1,37.4030506667,-122.142282667,-42.5
1847,1475187571474286989,0,1,37.402976,-122.142154667,-42.5
1848,1475187572473829497,0,1,37.402896,-122.142026667,-42.5
1849,1475187573473829567,0,1,37.4028186667,-122.141888,-42.5
1850,1475187574474102462,0,1,37.4027386667,-122.14176,-42.5
1851,1475187575473913063,0,1,37.402656,-122.141632,-42.5
1852,1475187576474104308,0,1,37.402576,-122.141493333,-42.5
1853,1475187577474156539,0,1,37.402496,-122.141354667,-42.5
1854,1475187578474082887,0,1,37.402416,-122.141226667,-42.5
1855,1475187579473882564,0,1,37.4023306667,-122.141088,-42.5
1856,1475187580474437143,0,1,37.4022506667,-122.140938667,-42.5
1857,1475187581474168446,0,1,37.4021653333,-122.1408,-42.5
1858,1475187582473924030,0,1,37.40208,-122.140661333,-42.5
1859,1475187583474150812,0,1,37.4019973333,-122.140522667,-42.5
1860,1475187584474119957,0,1,37.401912,-122.140384,-42.5
1861,1475187585473971680,0,1,37.4018293333,-122.140234667,-42.5
1862,1475187586474453222,0,1,37.401744,-122.140096,-42.5
1863,1475187587473920297,0,1,37.4016613333,-122.139957333,-42.5
1864,1475187588474099353,0,1,37.4015786667,-122.139808,-42.5
1865,1475187589474167059,0,1,37.401496,-122.139669333,-42.5
1866,1475187590473923797,0,1,37.4014106667,-122.13952,-42.5
1867,1475187591474905057,0,1,37.4013253333,-122.139381333,-42.5
1868,1475187592474939621,0,1,37.40124,-122.139242667,-42.5
1869,1475187593473935256,0,1,37.4011573333,-122.139093333,-42.5
1870,1475187594473976585,0,1,37.401072,-122.138954667,-42.5
1871,1475187595468172274,0,1,37.4009893333,-122.138816,-42.5
1872,1475187596468159091,0,1,37.4009066667,-122.138688,-42.5
1873,1475187597468157186,0,1,37.4008266667,-122.138549333,-42.5
1874,1475187598475213032,0,1,37.4007493333,-122.138421333,-42.5
1875,1475187599468181597,0,1,37.400672,-122.138293333,-42.5
1876,1475187600468166804,0,1,37.4006,-122.138165333,-42.5
1877,1475187601475676074,0,1,37.400528,-122.138037333,-42.5
1878,1475187602468205959,0,1,37.4004586667,-122.13792,-42.5
1879,1475187603457946719,0,1,37.4003866667,-122.137792,-42.5
1880,1475187604468208502,0,1,37.4003173333,-122.137664,-42.5
1881,1475187605468216637,0,1,37.400248,-122.137536,-42.5
1882,1475187606468183959,0,1,37.400184,-122.137397333,-42.5
1883,1475187607467977700,0,1,37.4001253333,-122.137258667,-42.5
1884,1475187608468013493,0,1,37.4000693333,-122.13712,-42.5
1885,1475187609468202492,0,1,37.4000186667,-122.136970667,-42.5
1886,1475187610468009073,0,1,37.3999706667,-122.136821333,-42.5
1887,1475187611458008378,0,1,37.39992,-122.136661333,-42.5
1888,1475187612467951369,0,1,37.399872,-122.136512,-42.5
1889,1475187613457955527,0,1,37.3998213333,-122.136362667,-42.5
1890,1475187614484957737,0,1,37.3997733333,-122.136213333,-42.5
1891,1475187615468062814,0,1,37.3997253333,-122.136064,-42.5
1892,1475187616468000692,0,1,37.39968,-122.135914667,-42.5
1893,1475187617467974084,0,1,37.3996373333,-122.135776,-42.5
1894,1475187618468098112,0,1,37.3995946667,-122.135637333,-42.5
1895,1475187619458016119,0,1,37.3995546667,-122.135509333,-42.5
1896,1475187620458074836,0,1,37.3995173333,-122.135381333,-42.5
1897,1475187621458035142,0,1,37.3994826667,-122.135253333,-42.5
1898,1475187622458002506,0,1,37.399464,-122.135125333,-42.5
1899,1475187623460341634,0,1,37.399456,-122.134997333,-42.5
1900,1475187624458464783,0,1,37.399456,-122.13488,-42.5
1901,1475187625458491841,0,1,37.3994613333,-122.134773333,-42.5
1902,1475187626460495710,0,1,37.3994613333,-122.134677333,-42.5
1903,1475187627473895254,0,1,37.3994613333,-122.134592,-42.5
1904,1475187628474120746,0,1,37.3994533333,-122.134506667,-42.5
1905,1475187629473932995,0,1,37.3994426667,-122.134442667,-42.5
1906,1475187630473834265,0,1,37.3994293333,-122.1344,-42.5
1907,1475187631474063523,0,1,37.399416,-122.134378667,-42.5
1908,1475187632473800136,0,1,37.3994106667,-122.134357333,-42.5
1909,1475187633473740468,0,1,37.399408,-122.134357333,-42.5
1910,1475187634474668117,0,1,37.399408,-122.134346667,-42.5
1911,1475187635458382970,0,1,37.3994053333,-122.134346667,-42.5
1912,1475187636458090567,0,1,37.3994026667,-122.134346667,-42.5
1913,1475187637450719135,0,1,37.3994026667,-122.134346667,-42.5
1914,1475187638458252503,0,1,37.3994026667,-122.134346667,-42.5
1915,1475187639459275548,0,1,37.3994026667,-122.134336,-42.5
1916,1475187640457967049,0,1,37.3993973333,-122.134325333,-42.5
1917,1475187641458191006,0,1,37.3993893333,-122.134314667,-42.5
1918,1475187642473740130,0,1,37.3993653333,-122.134282667,-42.5
1919,1475187643474098009,0,1,37.3993306667,-122.134250667,-42.5
1920,1475187644474205209,0,1,37.3992906667,-122.134218667,-42.5
1921,1475187645473639168,0,1,37.3992453333,-122.134186667,-42.5
1922,1475187646473680377,0,1,37.3991973333,-122.134144,-42.5
1923,1475187647473554620,0,1,37.399152,-122.134101333,-42.5
1924,1475187648473285842,0,1,37.3991173333,-122.134037333,-42.5
1925,1475187649473543720,0,1,37.3990986667,-122.133973333,-42.5
1926,1475187650473834618,0,1,37.399104,-122.133888,-42.5
1927,1475187651473312258,0,1,37.399136,-122.133813333,-42.5
1928,1475187652473480491,0,1,37.399176,-122.133717333,-42.5
1929,1475187653473260402,0,1,37.3992213333,-122.133621333,-42.5
1930,1475187654473585322,0,1,37.3992666667,-122.133504,-42.5
1931,1475187655474265177,0,1,37.3993173333,-122.133386667,-42.5
1932,1475187656473366280,0,1,37.3993733333,-122.133258667,-42.5
1933,1475187657473538360,0,1,37.3994293333,-122.13312,-42.5
1934,1475187658473266829,0,1,37.399488,-122.132981333,-42.5
1935,1475187659472964132,0,1,37.399544,-122.132842667,-42.5
1936,1475187660472955652,0,1,37.3995973333,-122.132714667,-42.5
1937,1475187661473438529,0,1,37.399648,-122.132597333,-42.5
1938,1475187662473357370,0,1,37.3996906667,-122.132490667,-42.5
1939,1475187663472872628,0,1,37.399728,-122.132405333,-42.5
1940,1475187664473311509,0,1,37.3997573333,-122.132330667,-42.5
1941,1475187665472798497,0,1,37.3997813333,-122.132266667,-42.5
1942,1475187666472761820,0,1,37.3997946667,-122.132234667,-42.5
1943,1475187667473242110,0,1,37.3998026667,-122.132213333,-42.5
1944,1475187668472754514,0,1,37.3998106667,-122.132202667,-42.5
1945,1475187669472693510,0,1,37.3998106667,-122.132192,-42.5
1946,1475187670472897022,0,1,37.3998133333,-122.132192,-42.5
1947,1475187671472645506,0,1,37.3998133333,-122.132192,-42.5
1948,1475187672472856881,0,1,37.3998133333,-122.132192,-42.5
1949,1475187673472819843,0,1,37.3998133333,-122.132192,-42.5
1950,1475187674472552660,0,1,37.3998133333,-122.132192,-42.5
1951,1475187675473150277,0,1,37.3998133333,-122.132192,-42.5
1952,1475187676473694210,0,1,37.3998133333,-122.132192,-42.5
1953,1475187677473429952,0,1,37.3998133333,-122.132192,-42.5
1954,1475187678473675831,0,1,37.3998133333,-122.132192,-42.5
1955,1475187679474134938,0,1,37.3998133333,-122.132192,-42.5
1956,1475187680473626540,0,1,37.3998133333,-122.132192,-42.5
1957,1475187681473595996,0,1,37.3998133333,-122.132192,-42.5
1958,1475187682473578360,0,1,37.3998133333,-122.132192,-42.5
1959,1475187683464537468,0,1,37.3998133333,-122.132192,-42.5
1960,1475187684472990015,0,1,37.3998133333,-122.132192,-42.5
1961,1475187685473528357,0,1,37.3998133333,-122.132192,-42.5
1962,1475187686472962390,0,1,37.3998133333,-122.132192,-42.5
1963,1475187687472182718,0,1,37.3998133333,-122.132192,-42.5
1964,1475187688472158772,0,1,37.3998133333,-122.132192,-42.5
1965,1475187689472105641,0,1,37.3998133333,-122.132192,-42.5
1966,1475187690471841003,0,1,37.3998133333,-122.132192,-42.5
1967,1475187691472062834,0,1,37.3998133333,-122.132192,-42.5
1968,1475187692471895738,0,1,37.3998133333,-122.132192,-42.5
1969,1475187693458150692,0,1,37.3998133333,-122.132192,-42.5
1970,1475187694472225611,0,1,37.3998133333,-122.132192,-42.5
1971,1475187695471816957,0,1,37.3998133333,-122.132192,-42.5
1972,1475187696472170483,0,1,37.3998133333,-122.132192,-42.5
1973,1475187697472971751,0,1,37.3998133333,-122.132192,-42.5
1974,1475187698472074419,0,1,37.3998133333,-122.132192,-42.5
1975,1475187699457898463,0,1,37.3998133333,-122.132192,-42.5
1976,1475187700457892030,0,1,37.3998186667,-122.132181333,-42.5
1977,1475187701472091246,0,1,37.3998266667,-122.13216,-42.5
1978,1475187702472133259,0,1,37.3998453333,-122.132117333,-42.5
1979,1475187703473134901,0,1,37.3998666667,-122.132064,-42.5
1980,1475187704473067317,0,1,37.3998933333,-122.132,-42.5
1981,1475187705472386750,0,1,37.3999253333,-122.131925333,-42.5
1982,1475187706473378422,0,1,37.39996,-122.13184,-42.5
1983,1475187707472105976,0,1,37.4,-122.131744,-42.5
1984,1475187708472311158,0,1,37.4000453333,-122.131637333,-42.5
1985,1475187709472996546,0,1,37.4000906667,-122.13152,-42.5
1986,1475187710469805062,0,1,37.400136,-122.131402667,-42.5
1987,1475187711469809593,0,1,37.4001813333,-122.131296,-42.5
1988,1475187712457953786,0,1,37.4002186667,-122.1312,-42.5
1989,1475187713457930304,0,1,37.4002506667,-122.131104,-42.5
1990,1475187714469957613,0,1,37.4002773333,-122.131029333,-42.5
1991,1475187715472298118,0,1,37.400304,-122.130954667,-42.5
1992,1475187716457903992,0,1,37.4003253333,-122.13088,-42.5
1993,1475187717457898125,0,1,37.4003466667,-122.130826667,-42.5
1994,1475187718457893443,0,1,37.4003626667,-122.130773333,-42.5
1995,1475187719457935642,0,1,37.4003786667,-122.130730667,-42.5
1996,1475187720469619434,0,1,37.4003893333,-122.130688,-42.5
1997,1475187721469997772,0,1,37.4004,-122.130666667,-42.5
1998,1475187722457893482,0,1,37.4004053333,-122.130656,-42.5
1999,1475187723469484561,0,1,37.4004053333,-122.130645333,-42.5
2000,1475187724469973032,0,1,37.4004053333,-122.130645333,-42.5
2001,1475187725457906392,0,1,37.4004026667,-122.130634667,-42.5
